"ctuid","cma_name","cma","ct","low_inc","avg_inc"
"x","x","x","x",0,0
5350014.00,"Toronto",535,0014.00,19.70,126972.00
5350140.00,"Toronto",535,0140.00,2.70,224438.00
5350192.00,"Toronto",535,0192.00,36.70,35159.00
5350224.00,"Toronto",535,0224.00,3.00,160270.00
5350227.00,"Toronto",535,0227.00,2.00,176840.00
5350000.00,"Toronto",535,0000.00,16.70,76454.00
5350001.00,"Toronto",535,0001.00,42.60,39562.00
5350002.00,"Toronto",535,0002.00,14.30,186805.00
5350004.00,"Toronto",535,0004.00,42.60,34968.00
5350005.00,"Toronto",535,0005.00,44.70,32700.00
5350007.01,"Toronto",535,0007.01,34.70,40167.00
5350007.02,"Toronto",535,0007.02,35.80,37082.00
5350008.00,"Toronto",535,0008.00,32.20,48308.00
5350010.00,"Toronto",535,0010.00,20.60,69103.00
5350011.00,"Toronto",535,0011.00,13.20,81377.00
5350012.00,"Toronto",535,0012.00,14.90,109887.00
5350013.00,"Toronto",535,0013.00,20.10,108978.00
5350015.00,"Toronto",535,0015.00,12.40,119568.00
5350017.00,"Toronto",535,0017.00,23.90,51897.00
5350018.00,"Toronto",535,0018.00,23.00,57649.00
5350019.00,"Toronto",535,0019.00,32.70,49135.00
5350020.00,"Toronto",535,0020.00,3.40,149524.00
5350021.00,"Toronto",535,0021.00,12.80,93931.00
5350022.00,"Toronto",535,0022.00,7.80,101776.00
5350023.00,"Toronto",535,0023.00,8.40,125432.00
5350024.00,"Toronto",535,0024.00,13.70,76953.00
5350025.00,"Toronto",535,0025.00,25.80,61077.00
5350026.00,"Toronto",535,0026.00,26.70,50442.00
5350027.00,"Toronto",535,0027.00,25.20,52139.00
5350028.00,"Toronto",535,0028.00,21.50,64903.00
5350029.00,"Toronto",535,0029.00,29.30,54556.00
5350030.00,"Toronto",535,0030.00,59.80,44974.00
5350031.00,"Toronto",535,0031.00,76.80,21845.00
5350033.00,"Toronto",535,0033.00,56.90,31246.00
5350034.00,"Toronto",535,0034.00,30.60,56526.00
5350035.00,"Toronto",535,0035.00,20.90,67522.00
5350036.00,"Toronto",535,0036.00,33.70,52527.00
5350037.00,"Toronto",535,0037.00,36.10,53221.00
5350038.00,"Toronto",535,0038.00,38.70,49742.00
5350039.00,"Toronto",535,0039.00,51.30,34941.00
5350040.00,"Toronto",535,0040.00,24.20,55896.00
5350041.00,"Toronto",535,0041.00,21.00,61300.00
5350042.00,"Toronto",535,0042.00,17.30,58801.00
5350043.00,"Toronto",535,0043.00,21.60,56184.00
5350044.00,"Toronto",535,0044.00,22.20,52534.00
5350045.00,"Toronto",535,0045.00,25.10,49269.00
5350046.00,"Toronto",535,0046.00,32.30,47568.00
5350047.01,"Toronto",535,0047.01,17.70,61953.00
5350047.02,"Toronto",535,0047.02,43.90,36443.00
5350048.00,"Toronto",535,0048.00,22.90,54318.00
5350049.00,"Toronto",535,0049.00,11.70,73269.00
5350050.01,"Toronto",535,0050.01,6.60,93614.00
5350050.02,"Toronto",535,0050.02,19.40,74913.00
5350051.00,"Toronto",535,0051.00,15.50,73466.00
5350052.00,"Toronto",535,0052.00,20.50,62209.00
5350053.00,"Toronto",535,0053.00,21.10,54934.00
5350054.00,"Toronto",535,0054.00,25.00,50982.00
5350055.00,"Toronto",535,0055.00,27.40,56538.00
5350056.00,"Toronto",535,0056.00,18.90,61871.00
5350057.00,"Toronto",535,0057.00,17.20,66072.00
5350058.00,"Toronto",535,0058.00,20.40,61791.00
5350059.00,"Toronto",535,0059.00,21.70,77703.00
5350060.00,"Toronto",535,0060.00,28.80,61073.00
5350061.00,"Toronto",535,0061.00,40.30,32107.00
5350062.01,"Toronto",535,0062.01,29.90,53248.00
5350062.02,"Toronto",535,0062.02,18.20,79376.00
5350063.01,"Toronto",535,0063.01,25.00,48305.00
5350063.02,"Toronto",535,0063.02,34.90,42869.00
5350064.00,"Toronto",535,0064.00,32.70,36787.00
5350065.00,"Toronto",535,0065.00,48.20,31670.00
5350066.00,"Toronto",535,0066.00,27.20,49468.00
5350067.00,"Toronto",535,0067.00,6.90,124447.00
5350068.00,"Toronto",535,0068.00,17.70,100548.00
5350069.00,"Toronto",535,0069.00,17.50,79647.00
5350070.00,"Toronto",535,0070.00,10.80,74954.00
5350071.00,"Toronto",535,0071.00,11.90,88473.00
5350072.01,"Toronto",535,0072.01,35.30,52663.00
5350072.02,"Toronto",535,0072.02,23.10,62291.00
5350073.00,"Toronto",535,0073.00,29.90,56319.00
5350074.00,"Toronto",535,0074.00,32.90,48337.00
5350075.00,"Toronto",535,0075.00,26.80,57194.00
5350076.00,"Toronto",535,0076.00,21.00,55231.00
5350077.00,"Toronto",535,0077.00,19.80,65296.00
5350078.00,"Toronto",535,0078.00,16.80,67898.00
5350079.00,"Toronto",535,0079.00,13.20,70189.00
5350080.01,"Toronto",535,0080.01,18.00,63798.00
5350080.02,"Toronto",535,0080.02,39.60,39442.00
5350081.00,"Toronto",535,0081.00,14.40,64588.00
5350082.00,"Toronto",535,0082.00,11.20,77769.00
5350083.00,"Toronto",535,0083.00,24.00,60638.00
5350084.00,"Toronto",535,0084.00,12.50,84994.00
5350085.00,"Toronto",535,0085.00,20.50,73605.00
5350086.00,"Toronto",535,0086.00,2.20,337165.00
5350087.00,"Toronto",535,0087.00,4.60,423989.00
5350088.00,"Toronto",535,0088.00,9.20,108188.00
5350089.00,"Toronto",535,0089.00,14.80,133532.00
5350090.00,"Toronto",535,0090.00,10.90,100258.00
5350091.01,"Toronto",535,0091.01,19.50,94549.00
5350091.02,"Toronto",535,0091.02,31.50,65042.00
5350092.00,"Toronto",535,0092.00,20.20,64578.00
5350093.00,"Toronto",535,0093.00,17.20,73326.00
5350094.00,"Toronto",535,0094.00,21.80,58782.00
5350095.00,"Toronto",535,0095.00,23.10,54564.00
5350096.00,"Toronto",535,0096.00,20.90,59007.00
5350097.01,"Toronto",535,0097.01,27.60,47563.00
5350097.02,"Toronto",535,0097.02,30.00,44429.00
5350098.00,"Toronto",535,0098.00,28.40,46263.00
5350099.00,"Toronto",535,0099.00,24.00,51751.00
5350100.00,"Toronto",535,0100.00,21.70,54446.00
5350101.00,"Toronto",535,0101.00,24.40,62234.00
5350102.01,"Toronto",535,0102.01,12.10,79230.00
5350102.02,"Toronto",535,0102.02,31.90,46113.00
5350102.03,"Toronto",535,0102.03,19.20,52965.00
5350103.00,"Toronto",535,0103.00,8.00,89398.00
5350104.00,"Toronto",535,0104.00,9.50,87862.00
5350105.00,"Toronto",535,0105.00,14.80,66123.00
5350106.00,"Toronto",535,0106.00,30.70,48036.00
5350107.00,"Toronto",535,0107.00,26.00,56711.00
5350108.00,"Toronto",535,0108.00,29.10,40996.00
5350109.00,"Toronto",535,0109.00,18.60,59934.00
5350110.00,"Toronto",535,0110.00,25.20,52744.00
5350111.00,"Toronto",535,0111.00,18.70,52622.00
5350112.00,"Toronto",535,0112.00,19.10,56395.00
5350113.00,"Toronto",535,0113.00,22.10,64246.00
5350114.00,"Toronto",535,0114.00,19.60,68753.00
5350115.00,"Toronto",535,0115.00,22.50,53859.00
5350116.00,"Toronto",535,0116.00,21.60,71897.00
5350117.00,"Toronto",535,0117.00,14.10,118705.00
5350118.00,"Toronto",535,0118.00,12.10,134969.00
5350119.00,"Toronto",535,0119.00,7.20,144477.00
5350120.00,"Toronto",535,0120.00,7.50,168150.00
5350121.00,"Toronto",535,0121.00,7.30,142993.00
5350122.00,"Toronto",535,0122.00,9.90,102568.00
5350123.00,"Toronto",535,0123.00,17.60,51472.00
5350124.00,"Toronto",535,0124.00,9.70,101386.00
5350125.00,"Toronto",535,0125.00,2.20,282913.00
5350126.00,"Toronto",535,0126.00,8.60,100777.00
5350127.00,"Toronto",535,0127.00,6.30,103980.00
5350128.01,"Toronto",535,0128.01,20.60,57550.00
5350128.02,"Toronto",535,0128.02,13.60,73931.00
5350129.00,"Toronto",535,0129.00,6.10,160441.00
5350130.00,"Toronto",535,0130.00,4.90,314999.00
5350131.00,"Toronto",535,0131.00,5.00,165078.00
5350132.00,"Toronto",535,0132.00,16.20,141135.00
5350133.00,"Toronto",535,0133.00,16.20,74695.00
5350134.00,"Toronto",535,0134.00,3.40,131210.00
5350135.00,"Toronto",535,0135.00,9.50,85868.00
5350136.01,"Toronto",535,0136.01,18.10,53033.00
5350136.02,"Toronto",535,0136.02,19.50,52874.00
5350137.00,"Toronto",535,0137.00,11.40,89244.00
5350138.00,"Toronto",535,0138.00,3.90,256925.00
5350139.00,"Toronto",535,0139.00,8.10,156310.00
5350141.01,"Toronto",535,0141.01,6.30,115469.00
5350141.02,"Toronto",535,0141.02,5.20,134584.00
5350142.00,"Toronto",535,0142.00,6.70,137320.00
5350150.00,"Toronto",535,0150.00,5.60,131015.00
5350151.00,"Toronto",535,0151.00,34.00,47950.00
5350152.00,"Toronto",535,0152.00,17.20,68031.00
5350153.00,"Toronto",535,0153.00,25.50,51054.00
5350154.00,"Toronto",535,0154.00,15.90,54805.00
5350155.00,"Toronto",535,0155.00,36.60,41385.00
5350156.01,"Toronto",535,0156.01,36.80,36866.00
5350156.02,"Toronto",535,0156.02,32.20,43587.00
5350157.00,"Toronto",535,0157.00,31.10,45801.00
5350158.00,"Toronto",535,0158.00,34.00,35704.00
5350159.01,"Toronto",535,0159.01,27.30,46163.00
5350159.02,"Toronto",535,0159.02,21.20,51755.00
5350160.00,"Toronto",535,0160.00,22.30,51251.00
5350161.00,"Toronto",535,0161.00,21.50,52300.00
5350162.00,"Toronto",535,0162.00,26.20,51087.00
5350163.00,"Toronto",535,0163.00,18.50,57669.00
5350164.00,"Toronto",535,0164.00,20.00,57803.00
5350165.00,"Toronto",535,0165.00,20.00,64729.00
5350166.00,"Toronto",535,0166.00,12.20,110269.00
5350167.01,"Toronto",535,0167.01,14.10,62959.00
5350167.02,"Toronto",535,0167.02,22.90,58323.00
5350168.00,"Toronto",535,0168.00,27.10,42613.00
5350169.01,"Toronto",535,0169.01,20.80,51997.00
5350169.02,"Toronto",535,0169.02,30.10,49363.00
5350170.00,"Toronto",535,0170.00,23.00,50964.00
5350171.00,"Toronto",535,0171.00,32.40,44776.00
5350172.00,"Toronto",535,0172.00,28.20,41667.00
5350173.00,"Toronto",535,0173.00,27.80,42405.00
5350174.00,"Toronto",535,0174.00,27.30,49008.00
5350175.01,"Toronto",535,0175.01,35.20,44737.00
5350175.02,"Toronto",535,0175.02,39.40,34798.00
5350176.00,"Toronto",535,0176.00,13.40,69031.00
5350180.00,"Toronto",535,0180.00,30.10,45162.00
5350181.01,"Toronto",535,0181.01,18.80,56396.00
5350181.02,"Toronto",535,0181.02,24.10,53229.00
5350182.00,"Toronto",535,0182.00,15.50,59474.00
5350183.00,"Toronto",535,0183.00,15.30,69605.00
5350184.01,"Toronto",535,0184.01,22.10,52722.00
5350184.02,"Toronto",535,0184.02,20.70,57443.00
5350185.01,"Toronto",535,0185.01,26.10,49095.00
5350185.02,"Toronto",535,0185.02,22.10,53903.00
5350186.00,"Toronto",535,0186.00,5.10,148650.00
5350187.00,"Toronto",535,0187.00,10.70,67477.00
5350188.00,"Toronto",535,0188.00,12.60,70515.00
5350189.00,"Toronto",535,0189.00,29.50,58723.00
5350190.01,"Toronto",535,0190.01,33.00,42463.00
5350190.02,"Toronto",535,0190.02,32.00,45945.00
5350191.00,"Toronto",535,0191.00,15.30,58105.00
5350193.00,"Toronto",535,0193.00,18.40,77779.00
5350194.01,"Toronto",535,0194.01,46.00,41816.00
5350194.02,"Toronto",535,0194.02,35.20,53870.00
5350194.03,"Toronto",535,0194.03,40.10,34517.00
5350194.04,"Toronto",535,0194.04,36.10,46227.00
5350195.00,"Toronto",535,0195.00,7.00,94161.00
5350196.00,"Toronto",535,0196.00,5.10,131063.00
5350200.00,"Toronto",535,0200.00,27.30,58634.00
5350201.00,"Toronto",535,0201.00,23.10,54044.00
5350202.00,"Toronto",535,0202.00,6.90,71137.00
5350203.00,"Toronto",535,0203.00,16.20,57070.00
5350204.00,"Toronto",535,0204.00,22.10,56252.00
5350206.01,"Toronto",535,0206.01,20.80,54480.00
5350206.02,"Toronto",535,0206.02,17.00,58742.00
5350207.00,"Toronto",535,0207.00,24.80,49719.00
5350208.00,"Toronto",535,0208.00,38.50,33633.00
5350209.00,"Toronto",535,0209.00,20.20,43196.00
5350210.00,"Toronto",535,0210.00,6.40,106346.00
5350211.00,"Toronto",535,0211.00,9.40,63677.00
5350212.00,"Toronto",535,0212.00,9.10,70708.00
5350213.00,"Toronto",535,0213.00,10.90,70915.00
5350214.00,"Toronto",535,0214.00,10.00,69667.00
5350215.00,"Toronto",535,0215.00,15.50,67592.00
5350216.00,"Toronto",535,0216.00,9.80,97785.00
5350217.00,"Toronto",535,0217.00,29.70,46622.00
5350218.00,"Toronto",535,0218.00,4.90,128337.00
5350219.00,"Toronto",535,0219.00,6.30,78722.00
5350220.00,"Toronto",535,0220.00,8.00,75845.00
5350221.01,"Toronto",535,0221.01,8.20,92743.00
5350221.02,"Toronto",535,0221.02,24.10,52808.00
5350222.01,"Toronto",535,0222.01,8.60,75313.00
5350222.02,"Toronto",535,0222.02,21.80,68086.00
5350223.00,"Toronto",535,0223.00,6.80,104395.00
5350225.01,"Toronto",535,0225.01,17.70,78937.00
5350225.02,"Toronto",535,0225.02,45.60,37780.00
5350226.00,"Toronto",535,0226.00,5.80,142843.00
5350228.00,"Toronto",535,0228.00,4.50,149316.00
5350229.00,"Toronto",535,0229.00,7.00,199595.00
5350230.01,"Toronto",535,0230.01,5.60,173634.00
5350233.00,"Toronto",535,0233.00,6.40,91068.00
5350230.02,"Toronto",535,0230.02,18.50,79800.00
5350231.00,"Toronto",535,0231.00,10.40,130500.00
5350232.00,"Toronto",535,0232.00,2.20,214918.00
5350234.00,"Toronto",535,0234.00,10.50,84399.00
5350235.01,"Toronto",535,0235.01,7.30,69734.00
5350235.02,"Toronto",535,0235.02,12.10,67044.00
5350264.00,"Toronto",535,0264.00,9.90,353077.00
5350236.01,"Toronto",535,0236.01,18.40,56859.00
5350236.02,"Toronto",535,0236.02,8.80,80026.00
5350237.01,"Toronto",535,0237.01,23.60,54349.00
5350237.02,"Toronto",535,0237.02,14.70,66158.00
5350237.03,"Toronto",535,0237.03,16.10,69259.00
5350238.01,"Toronto",535,0238.01,6.60,87745.00
5350238.02,"Toronto",535,0238.02,16.70,59688.00
5350239.00,"Toronto",535,0239.00,29.70,60822.00
5350240.01,"Toronto",535,0240.01,7.70,80857.00
5350240.02,"Toronto",535,0240.02,22.60,56042.00
5350241.00,"Toronto",535,0241.00,7.40,87321.00
5350242.00,"Toronto",535,0242.00,40.80,43280.00
5350375.02,"Toronto",535,0375.02,8.70,81026.00
5350243.01,"Toronto",535,0243.01,35.90,53622.00
5350243.02,"Toronto",535,0243.02,11.30,63487.00
5350244.01,"Toronto",535,0244.01,14.70,65148.00
5350244.02,"Toronto",535,0244.02,41.90,43600.00
5350245.00,"Toronto",535,0245.00,18.50,53329.00
5350246.00,"Toronto",535,0246.00,18.80,58855.00
5350247.01,"Toronto",535,0247.01,16.10,73185.00
5350247.02,"Toronto",535,0247.02,9.80,70675.00
5350248.02,"Toronto",535,0248.02,47.70,39108.00
5350248.03,"Toronto",535,0248.03,18.20,61582.00
5350248.04,"Toronto",535,0248.04,14.90,64759.00
5350248.05,"Toronto",535,0248.05,23.40,59571.00
5350249.01,"Toronto",535,0249.01,17.40,70128.00
5350249.03,"Toronto",535,0249.03,22.00,61677.00
5350249.04,"Toronto",535,0249.04,14.90,63900.00
5350378.22,"Toronto",535,0378.22,15.70,85291.00
5350249.05,"Toronto",535,0249.05,42.80,40125.00
5350250.01,"Toronto",535,0250.01,18.90,60318.00
5350250.02,"Toronto",535,0250.02,19.00,55831.00
5350250.04,"Toronto",535,0250.04,41.60,41618.00
5350250.05,"Toronto",535,0250.05,33.60,47077.00
5350260.01,"Toronto",535,0260.01,24.00,50609.00
5350260.03,"Toronto",535,0260.03,27.50,59415.00
5350260.04,"Toronto",535,0260.04,43.70,34477.00
5350260.05,"Toronto",535,0260.05,60.80,31003.00
5350261.00,"Toronto",535,0261.00,38.50,38172.00
5350262.01,"Toronto",535,0262.01,25.20,51155.00
5350262.02,"Toronto",535,0262.02,24.30,58278.00
5350263.02,"Toronto",535,0263.02,11.20,71740.00
5350263.03,"Toronto",535,0263.03,20.10,57097.00
5350263.04,"Toronto",535,0263.04,14.70,66898.00
5350265.00,"Toronto",535,0265.00,2.50,404193.00
5350266.00,"Toronto",535,0266.00,4.70,356072.00
5350267.00,"Toronto",535,0267.00,7.20,184993.00
5350268.00,"Toronto",535,0268.00,10.30,77829.00
5350269.01,"Toronto",535,0269.01,44.10,42620.00
5350269.02,"Toronto",535,0269.02,10.70,109971.00
5350270.01,"Toronto",535,0270.01,21.70,72157.00
5350270.02,"Toronto",535,0270.02,13.80,74306.00
5350271.01,"Toronto",535,0271.01,4.40,94109.00
5350271.02,"Toronto",535,0271.02,16.80,66556.00
5350272.01,"Toronto",535,0272.01,34.40,46896.00
5350272.02,"Toronto",535,0272.02,13.60,65050.00
5350273.01,"Toronto",535,0273.01,8.70,168080.00
5350273.02,"Toronto",535,0273.02,13.80,165915.00
5350274.01,"Toronto",535,0274.01,14.30,138743.00
5350274.02,"Toronto",535,0274.02,5.90,140906.00
5350275.00,"Toronto",535,0275.00,5.80,141638.00
5350276.01,"Toronto",535,0276.01,12.40,98277.00
5350276.02,"Toronto",535,0276.02,12.00,123150.00
5350277.00,"Toronto",535,0277.00,10.30,151085.00
5350278.00,"Toronto",535,0278.00,19.30,80994.00
5350279.01,"Toronto",535,0279.01,14.80,67701.00
5350279.02,"Toronto",535,0279.02,26.00,44413.00
5350280.00,"Toronto",535,0280.00,33.30,42674.00
5350281.01,"Toronto",535,0281.01,25.80,49564.00
5350281.02,"Toronto",535,0281.02,40.70,47197.00
5350282.00,"Toronto",535,0282.00,12.60,67562.00
5350283.01,"Toronto",535,0283.01,35.20,42154.00
5350283.02,"Toronto",535,0283.02,36.80,49002.00
5350284.00,"Toronto",535,0284.00,26.20,56138.00
5350285.00,"Toronto",535,0285.00,15.00,59138.00
5350286.00,"Toronto",535,0286.00,34.20,49395.00
5350287.01,"Toronto",535,0287.01,40.30,43735.00
5350287.02,"Toronto",535,0287.02,21.80,51610.00
5350288.00,"Toronto",535,0288.00,21.20,56852.00
5350289.00,"Toronto",535,0289.00,18.80,57725.00
5350290.00,"Toronto",535,0290.00,20.10,46203.00
5350291.01,"Toronto",535,0291.01,24.80,49213.00
5350291.02,"Toronto",535,0291.02,24.10,48727.00
5350292.00,"Toronto",535,0292.00,28.50,46052.00
5350293.00,"Toronto",535,0293.00,16.50,64183.00
5350294.01,"Toronto",535,0294.01,27.30,55104.00
5350294.02,"Toronto",535,0294.02,23.10,54928.00
5350295.00,"Toronto",535,0295.00,22.10,51940.00
5350296.00,"Toronto",535,0296.00,0.00,72879.00
5350297.01,"Toronto",535,0297.01,22.40,54362.00
5350297.02,"Toronto",535,0297.02,21.60,66271.00
5350298.00,"Toronto",535,0298.00,15.30,133624.00
5350299.00,"Toronto",535,0299.00,16.00,91462.00
5350300.00,"Toronto",535,0300.00,15.70,75783.00
5350301.01,"Toronto",535,0301.01,12.10,81530.00
5350301.03,"Toronto",535,0301.03,36.50,46606.00
5350301.04,"Toronto",535,0301.04,37.30,46372.00
5350302.01,"Toronto",535,0302.01,13.80,73193.00
5350302.02,"Toronto",535,0302.02,20.80,60460.00
5350302.03,"Toronto",535,0302.03,18.10,64404.00
5350303.00,"Toronto",535,0303.00,32.60,51145.00
5350304.01,"Toronto",535,0304.01,32.90,50615.00
5350304.02,"Toronto",535,0304.02,9.20,91849.00
5350304.03,"Toronto",535,0304.03,22.40,71194.00
5350304.04,"Toronto",535,0304.04,31.60,46725.00
5350304.05,"Toronto",535,0304.05,12.90,79722.00
5350304.06,"Toronto",535,0304.06,19.60,64527.00
5350305.01,"Toronto",535,0305.01,9.60,134416.00
5350305.02,"Toronto",535,0305.02,15.80,71111.00
5350306.01,"Toronto",535,0306.01,26.30,78127.00
5350306.02,"Toronto",535,0306.02,18.90,89323.00
5350307.01,"Toronto",535,0307.01,36.40,59857.00
5350307.02,"Toronto",535,0307.02,25.90,68859.00
5350308.01,"Toronto",535,0308.01,25.60,59628.00
5350308.02,"Toronto",535,0308.02,13.00,66644.00
5350309.00,"Toronto",535,0309.00,35.30,51575.00
5350310.01,"Toronto",535,0310.01,8.30,87030.00
5350310.02,"Toronto",535,0310.02,19.50,61140.00
5350311.02,"Toronto",535,0311.02,26.10,50454.00
5350311.03,"Toronto",535,0311.03,26.00,54139.00
5350311.04,"Toronto",535,0311.04,22.00,57611.00
5350311.05,"Toronto",535,0311.05,36.70,45868.00
5350311.06,"Toronto",535,0311.06,48.50,30675.00
5350312.02,"Toronto",535,0312.02,26.60,55868.00
5350312.03,"Toronto",535,0312.03,25.60,51416.00
5350312.04,"Toronto",535,0312.04,44.20,41319.00
5350312.05,"Toronto",535,0312.05,48.00,35061.00
5350312.06,"Toronto",535,0312.06,25.50,53232.00
5350312.07,"Toronto",535,0312.07,26.90,48549.00
5350402.01,"Toronto",535,0402.01,13.10,88456.00
5350313.00,"Toronto",535,0313.00,17.90,56230.00
5350314.01,"Toronto",535,0314.01,41.30,39087.00
5350314.02,"Toronto",535,0314.02,33.00,50949.00
5350424.04,"Toronto",535,0424.04,5.80,100257.00
5350315.01,"Toronto",535,0315.01,15.20,69159.00
5350315.02,"Toronto",535,0315.02,37.90,47120.00
5350315.03,"Toronto",535,0315.03,17.20,57633.00
5350316.01,"Toronto",535,0316.01,20.10,59171.00
5350316.03,"Toronto",535,0316.03,40.70,39350.00
5350316.04,"Toronto",535,0316.04,54.20,31628.00
5350316.05,"Toronto",535,0316.05,34.80,47809.00
5350316.06,"Toronto",535,0316.06,49.50,41402.00
5350317.02,"Toronto",535,0317.02,37.40,39609.00
5350317.03,"Toronto",535,0317.03,13.40,89250.00
5350317.04,"Toronto",535,0317.04,33.40,47240.00
5350317.05,"Toronto",535,0317.05,14.10,72549.00
5350318.00,"Toronto",535,0318.00,21.80,62635.00
5350319.00,"Toronto",535,0319.00,12.60,71982.00
5350320.01,"Toronto",535,0320.01,25.80,49030.00
5350320.02,"Toronto",535,0320.02,26.40,53783.00
5350321.01,"Toronto",535,0321.01,9.40,93790.00
5350321.02,"Toronto",535,0321.02,21.20,74203.00
5350322.00,"Toronto",535,0322.00,30.90,57861.00
5350323.01,"Toronto",535,0323.01,14.50,70115.00
5350323.02,"Toronto",535,0323.02,15.10,106432.00
5350324.01,"Toronto",535,0324.01,26.50,79500.00
5350324.02,"Toronto",535,0324.02,22.40,80189.00
5350324.03,"Toronto",535,0324.03,24.10,70243.00
5350324.05,"Toronto",535,0324.05,21.10,61649.00
5350324.06,"Toronto",535,0324.06,18.10,65760.00
5350330.00,"Toronto",535,0330.00,8.50,78586.00
5350331.01,"Toronto",535,0331.01,9.70,74772.00
5350331.03,"Toronto",535,0331.03,44.00,43841.00
5350331.04,"Toronto",535,0331.04,11.20,70533.00
5350332.00,"Toronto",535,0332.00,38.50,46162.00
5350333.00,"Toronto",535,0333.00,10.10,80066.00
5350334.00,"Toronto",535,0334.00,9.60,86320.00
5350335.00,"Toronto",535,0335.00,25.00,51177.00
5350336.00,"Toronto",535,0336.00,16.30,60508.00
5350337.00,"Toronto",535,0337.00,31.20,48404.00
5350338.00,"Toronto",535,0338.00,15.40,64234.00
5350339.00,"Toronto",535,0339.00,10.00,85636.00
5350340.00,"Toronto",535,0340.00,20.70,55430.00
5350341.02,"Toronto",535,0341.02,25.60,47547.00
5350341.03,"Toronto",535,0341.03,61.70,27000.00
5350341.04,"Toronto",535,0341.04,44.90,41295.00
5350342.00,"Toronto",535,0342.00,23.30,54218.00
5350343.00,"Toronto",535,0343.00,27.20,48209.00
5350344.01,"Toronto",535,0344.01,25.40,50108.00
5350344.02,"Toronto",535,0344.02,41.80,36621.00
5350345.00,"Toronto",535,0345.00,15.90,59247.00
5350346.01,"Toronto",535,0346.01,33.90,46448.00
5350346.02,"Toronto",535,0346.02,31.40,42894.00
5350347.00,"Toronto",535,0347.00,11.40,59044.00
5350348.00,"Toronto",535,0348.00,12.10,61333.00
5350516.24,"Toronto",535,0516.24,7.70,105693.00
5350349.00,"Toronto",535,0349.00,23.60,48652.00
5350350.00,"Toronto",535,0350.00,15.60,59619.00
5350351.01,"Toronto",535,0351.01,23.80,50624.00
5350351.02,"Toronto",535,0351.02,28.40,51932.00
5350352.00,"Toronto",535,0352.00,20.10,53272.00
5350353.02,"Toronto",535,0353.02,17.80,62816.00
5350353.03,"Toronto",535,0353.03,18.90,58791.00
5350353.04,"Toronto",535,0353.04,32.70,46381.00
5350354.00,"Toronto",535,0354.00,19.30,63471.00
5350355.02,"Toronto",535,0355.02,22.00,56419.00
5350355.03,"Toronto",535,0355.03,42.60,41259.00
5350355.04,"Toronto",535,0355.04,24.10,48219.00
5350356.00,"Toronto",535,0356.00,13.40,72387.00
5350357.01,"Toronto",535,0357.01,38.70,40423.00
5350357.02,"Toronto",535,0357.02,46.30,42619.00
5350358.01,"Toronto",535,0358.01,18.80,70739.00
5350358.02,"Toronto",535,0358.02,33.50,42527.00
5350358.03,"Toronto",535,0358.03,30.30,42489.00
5350359.00,"Toronto",535,0359.00,33.10,47145.00
5350360.00,"Toronto",535,0360.00,14.00,74806.00
5350361.01,"Toronto",535,0361.01,8.40,117874.00
5350361.02,"Toronto",535,0361.02,7.40,94036.00
5350362.01,"Toronto",535,0362.01,15.20,70098.00
5350362.02,"Toronto",535,0362.02,10.00,90651.00
5350362.03,"Toronto",535,0362.03,8.50,96320.00
5350362.04,"Toronto",535,0362.04,12.40,67419.00
5350363.02,"Toronto",535,0363.02,13.10,79734.00
5350363.03,"Toronto",535,0363.03,42.80,42034.00
5350363.04,"Toronto",535,0363.04,16.70,70002.00
5350363.05,"Toronto",535,0363.05,51.40,33685.00
5350364.01,"Toronto",535,0364.01,21.30,60418.00
5350364.02,"Toronto",535,0364.02,16.30,66115.00
5350365.00,"Toronto",535,0365.00,17.00,61485.00
5350366.00,"Toronto",535,0366.00,18.70,57323.00
5350367.01,"Toronto",535,0367.01,28.30,54283.00
5350367.02,"Toronto",535,0367.02,8.40,76811.00
5350368.00,"Toronto",535,0368.00,17.10,57894.00
5350369.00,"Toronto",535,0369.00,26.90,57747.00
5350370.01,"Toronto",535,0370.01,34.00,46507.00
5350370.02,"Toronto",535,0370.02,14.20,61273.00
5350370.03,"Toronto",535,0370.03,14.80,59361.00
5350371.00,"Toronto",535,0371.00,13.80,61791.00
5350372.00,"Toronto",535,0372.00,14.40,68234.00
5350373.00,"Toronto",535,0373.00,21.50,61030.00
5350374.01,"Toronto",535,0374.01,10.60,65399.00
5350374.02,"Toronto",535,0374.02,8.20,73788.00
5350374.03,"Toronto",535,0374.03,23.00,51383.00
5350375.01,"Toronto",535,0375.01,33.70,44983.00
5350375.03,"Toronto",535,0375.03,31.10,55509.00
5350375.04,"Toronto",535,0375.04,24.60,67640.00
5350375.05,"Toronto",535,0375.05,22.30,65004.00
5350376.01,"Toronto",535,0376.01,28.80,67172.00
5350376.02,"Toronto",535,0376.02,26.20,55526.00
5350376.04,"Toronto",535,0376.04,22.60,71453.00
5350376.05,"Toronto",535,0376.05,18.10,70916.00
5350376.07,"Toronto",535,0376.07,31.80,54798.00
5350376.08,"Toronto",535,0376.08,25.90,60054.00
5350376.09,"Toronto",535,0376.09,20.10,60929.00
5350376.11,"Toronto",535,0376.11,35.60,52876.00
5350376.12,"Toronto",535,0376.12,17.00,66662.00
5350376.13,"Toronto",535,0376.13,18.00,71177.00
5350376.14,"Toronto",535,0376.14,12.00,76703.00
5350377.01,"Toronto",535,0377.01,24.90,60672.00
5350377.02,"Toronto",535,0377.02,16.20,76698.00
5350377.03,"Toronto",535,0377.03,20.00,74796.00
5350377.04,"Toronto",535,0377.04,20.30,70987.00
5350377.06,"Toronto",535,0377.06,21.60,70955.00
5350377.07,"Toronto",535,0377.07,15.30,74531.00
5350378.01,"Toronto",535,0378.01,19.90,69805.00
5350378.02,"Toronto",535,0378.02,24.30,66705.00
5350378.03,"Toronto",535,0378.03,15.70,69131.00
5350378.04,"Toronto",535,0378.04,20.10,68723.00
5350378.05,"Toronto",535,0378.05,15.30,63895.00
5350378.06,"Toronto",535,0378.06,25.20,60459.00
5350378.07,"Toronto",535,0378.07,21.70,57010.00
5350378.08,"Toronto",535,0378.08,19.50,65898.00
5350378.10,"Toronto",535,0378.10,13.90,76402.00
5350378.11,"Toronto",535,0378.11,18.50,63899.00
5350378.12,"Toronto",535,0378.12,26.10,48866.00
5350378.14,"Toronto",535,0378.14,21.80,63417.00
5350378.16,"Toronto",535,0378.16,17.50,63615.00
5350378.17,"Toronto",535,0378.17,24.70,70889.00
5350378.18,"Toronto",535,0378.18,35.30,43423.00
5350378.19,"Toronto",535,0378.19,17.90,75198.00
5350378.20,"Toronto",535,0378.20,30.20,46265.00
5350378.21,"Toronto",535,0378.21,13.50,75172.00
5350400.01,"Toronto",535,0400.01,5.00,83255.00
5350400.02,"Toronto",535,0400.02,3.70,109516.00
5350400.03,"Toronto",535,0400.03,8.10,100075.00
5350400.04,"Toronto",535,0400.04,8.30,90189.00
5350400.05,"Toronto",535,0400.05,7.50,97550.00
5350400.06,"Toronto",535,0400.06,4.80,105060.00
5350400.07,"Toronto",535,0400.07,3.50,107334.00
5350400.08,"Toronto",535,0400.08,19.10,56281.00
5350400.09,"Toronto",535,0400.09,15.30,75769.00
5350400.10,"Toronto",535,0400.10,16.50,70330.00
5350400.11,"Toronto",535,0400.11,21.90,73739.00
5350400.12,"Toronto",535,0400.12,8.80,91732.00
5350401.01,"Toronto",535,0401.01,12.20,91828.00
5350401.03,"Toronto",535,0401.03,21.20,72497.00
5350401.04,"Toronto",535,0401.04,15.60,71254.00
5350401.06,"Toronto",535,0401.06,10.50,102274.00
5350401.07,"Toronto",535,0401.07,11.00,115822.00
5350401.08,"Toronto",535,0401.08,8.00,158601.00
5350528.13,"Toronto",535,0528.13,8.80,111293.00
5350401.09,"Toronto",535,0401.09,20.50,97183.00
5350401.10,"Toronto",535,0401.10,12.60,102732.00
5350401.11,"Toronto",535,0401.11,19.50,78457.00
5350401.12,"Toronto",535,0401.12,17.70,76878.00
5350401.13,"Toronto",535,0401.13,17.50,73406.00
5350401.14,"Toronto",535,0401.14,12.00,117078.00
5350401.15,"Toronto",535,0401.15,11.10,80304.00
5350402.02,"Toronto",535,0402.02,10.80,105699.00
5350402.03,"Toronto",535,0402.03,9.90,94771.00
5350402.04,"Toronto",535,0402.04,7.50,116532.00
5350402.05,"Toronto",535,0402.05,5.20,212463.00
5350402.06,"Toronto",535,0402.06,10.40,74768.00
5350402.07,"Toronto",535,0402.07,15.40,94155.00
5350402.08,"Toronto",535,0402.08,17.50,97281.00
5350402.09,"Toronto",535,0402.09,9.20,78067.00
5350402.10,"Toronto",535,0402.10,8.30,85479.00
5350402.11,"Toronto",535,0402.11,11.70,124808.00
5350403.01,"Toronto",535,0403.01,15.80,107506.00
5350403.02,"Toronto",535,0403.02,11.70,93065.00
5350410.02,"Toronto",535,0410.02,11.90,82317.00
5350410.03,"Toronto",535,0410.03,8.60,152633.00
5350410.04,"Toronto",535,0410.04,7.10,102300.00
5350410.05,"Toronto",535,0410.05,8.50,133697.00
5350410.07,"Toronto",535,0410.07,5.90,96088.00
5350410.09,"Toronto",535,0410.09,17.70,75082.00
5350410.10,"Toronto",535,0410.10,11.10,89699.00
5350410.11,"Toronto",535,0410.11,15.80,85836.00
5350562.06,"Toronto",535,0562.06,4.90,99691.00
5350410.12,"Toronto",535,0410.12,17.70,64419.00
5350410.13,"Toronto",535,0410.13,5.60,131289.00
5350410.14,"Toronto",535,0410.14,5.00,94212.00
5350410.15,"Toronto",535,0410.15,7.90,78041.00
5350411.01,"Toronto",535,0411.01,7.50,87311.00
5350411.02,"Toronto",535,0411.02,6.40,100040.00
5350411.03,"Toronto",535,0411.03,7.90,81375.00
5350411.04,"Toronto",535,0411.04,7.20,91499.00
5350411.05,"Toronto",535,0411.05,8.70,83261.00
5350412.01,"Toronto",535,0412.01,10.40,82358.00
5350412.02,"Toronto",535,0412.02,12.00,71448.00
5350412.03,"Toronto",535,0412.03,6.10,119340.00
5350412.04,"Toronto",535,0412.04,5.30,91803.00
5350612.11,"Toronto",535,0612.11,3.10,124948.00
5350412.05,"Toronto",535,0412.05,6.50,84385.00
5350412.06,"Toronto",535,0412.06,8.70,78021.00
5350412.07,"Toronto",535,0412.07,5.30,99995.00
5350412.08,"Toronto",535,0412.08,10.80,77119.00
5350412.10,"Toronto",535,0412.10,9.80,86615.00
5350412.11,"Toronto",535,0412.11,10.00,91607.00
5350413.00,"Toronto",535,0413.00,5.20,134196.00
5350420.03,"Toronto",535,0420.03,11.50,82944.00
5350420.05,"Toronto",535,0420.05,17.70,87817.00
5350420.06,"Toronto",535,0420.06,16.50,99726.00
5350420.07,"Toronto",535,0420.07,14.00,84663.00
5350420.08,"Toronto",535,0420.08,15.20,62604.00
5350420.09,"Toronto",535,0420.09,19.40,55475.00
5350420.10,"Toronto",535,0420.10,16.70,112539.00
5350420.11,"Toronto",535,0420.11,14.60,130638.00
5350421.01,"Toronto",535,0421.01,7.50,114078.00
5350421.04,"Toronto",535,0421.04,9.40,64305.00
5350421.05,"Toronto",535,0421.05,6.10,85692.00
5350421.06,"Toronto",535,0421.06,16.80,76079.00
5350421.07,"Toronto",535,0421.07,5.60,106164.00
5350422.01,"Toronto",535,0422.01,15.90,75742.00
5350422.02,"Toronto",535,0422.02,14.80,59958.00
5350423.01,"Toronto",535,0423.01,6.80,103824.00
5350423.02,"Toronto",535,0423.02,11.70,106780.00
5350424.02,"Toronto",535,0424.02,9.80,95490.00
5350424.03,"Toronto",535,0424.03,7.20,89029.00
5350424.05,"Toronto",535,0424.05,18.70,77737.00
5350424.06,"Toronto",535,0424.06,8.50,100993.00
5350430.01,"Toronto",535,0430.01,2.50,88040.00
5350430.02,"Toronto",535,0430.02,5.60,62235.00
5350431.01,"Toronto",535,0431.01,2.80,99583.00
5350431.02,"Toronto",535,0431.02,3.70,129216.00
5350440.00,"Toronto",535,0440.00,5.90,120707.00
5350441.02,"Toronto",535,0441.02,12.20,74493.00
5350441.03,"Toronto",535,0441.03,7.10,115272.00
5350441.04,"Toronto",535,0441.04,4.30,121050.00
5350442.01,"Toronto",535,0442.01,3.50,92705.00
5350442.02,"Toronto",535,0442.02,11.50,72692.00
5350442.03,"Toronto",535,0442.03,1.20,142569.00
5350450.02,"Toronto",535,0450.02,7.70,66182.00
5350450.03,"Toronto",535,0450.03,8.80,86369.00
5350450.04,"Toronto",535,0450.04,5.20,113954.00
5350451.01,"Toronto",535,0451.01,11.00,69713.00
5350451.02,"Toronto",535,0451.02,12.30,64824.00
5350451.03,"Toronto",535,0451.03,7.50,80808.00
5350451.04,"Toronto",535,0451.04,7.40,94937.00
5350452.01,"Toronto",535,0452.01,11.80,69362.00
5350452.02,"Toronto",535,0452.02,14.00,63675.00
5350452.03,"Toronto",535,0452.03,10.20,82990.00
5350452.04,"Toronto",535,0452.04,4.40,102605.00
5350455.00,"Toronto",535,0455.00,4.10,89645.00
5350456.01,"Toronto",535,0456.01,6.80,108397.00
5350456.02,"Toronto",535,0456.02,7.80,88473.00
5350456.03,"Toronto",535,0456.03,6.20,85458.00
5350460.01,"Toronto",535,0460.01,6.30,134413.00
5350460.02,"Toronto",535,0460.02,4.30,102620.00
5350461.01,"Toronto",535,0461.01,7.60,106332.00
5350461.02,"Toronto",535,0461.02,2.80,136361.00
5350470.00,"Toronto",535,0470.00,9.00,57759.00
5350471.00,"Toronto",535,0471.00,5.20,65753.00
5350472.00,"Toronto",535,0472.00,11.50,60974.00
5350473.01,"Toronto",535,0473.01,8.40,72556.00
5350473.02,"Toronto",535,0473.02,16.00,62142.00
5350473.03,"Toronto",535,0473.03,11.20,62621.00
5350474.00,"Toronto",535,0474.00,6.10,64161.00
5350475.00,"Toronto",535,0475.00,11.40,53591.00
5350476.00,"Toronto",535,0476.00,8.20,54114.00
5350480.01,"Toronto",535,0480.01,6.70,61071.00
5350480.02,"Toronto",535,0480.02,7.00,78796.00
5350481.00,"Toronto",535,0481.00,4.80,72920.00
5350482.00,"Toronto",535,0482.00,3.90,83317.00
5350483.00,"Toronto",535,0483.00,4.70,76717.00
5350484.00,"Toronto",535,0484.00,4.60,75863.00
5350485.01,"Toronto",535,0485.01,8.00,69230.00
5350485.02,"Toronto",535,0485.02,8.40,60670.00
5350500.01,"Toronto",535,0500.01,20.40,49908.00
5350500.02,"Toronto",535,0500.02,15.80,71879.00
5350501.01,"Toronto",535,0501.01,11.30,76219.00
5350501.02,"Toronto",535,0501.02,6.90,118151.00
5350502.01,"Toronto",535,0502.01,8.90,69409.00
5350502.02,"Toronto",535,0502.02,11.90,64162.00
5350503.00,"Toronto",535,0503.00,12.90,66412.00
5350504.00,"Toronto",535,0504.00,5.20,87550.00
5350505.01,"Toronto",535,0505.01,2.10,180449.00
5350505.02,"Toronto",535,0505.02,5.50,166787.00
5350506.00,"Toronto",535,0506.00,1.80,209315.00
5350507.00,"Toronto",535,0507.00,4.30,94329.00
5350508.00,"Toronto",535,0508.00,7.70,76927.00
5350509.01,"Toronto",535,0509.01,7.90,71378.00
5350509.02,"Toronto",535,0509.02,6.20,85766.00
5350510.00,"Toronto",535,0510.00,6.10,93741.00
5350511.01,"Toronto",535,0511.01,25.30,49298.00
5350511.02,"Toronto",535,0511.02,19.50,61930.00
5350512.00,"Toronto",535,0512.00,21.40,57573.00
5350513.01,"Toronto",535,0513.01,9.30,106197.00
5350513.02,"Toronto",535,0513.02,21.30,59244.00
5350513.03,"Toronto",535,0513.03,27.90,64444.00
5350513.04,"Toronto",535,0513.04,8.90,92356.00
5350514.01,"Toronto",535,0514.01,9.70,206721.00
5350514.02,"Toronto",535,0514.02,27.70,94244.00
5350515.01,"Toronto",535,0515.01,5.70,92670.00
5350515.02,"Toronto",535,0515.02,6.90,79153.00
5350516.01,"Toronto",535,0516.01,8.50,92664.00
5350516.02,"Toronto",535,0516.02,6.80,91776.00
5350516.03,"Toronto",535,0516.03,5.10,71157.00
5350516.04,"Toronto",535,0516.04,21.80,59654.00
5350516.05,"Toronto",535,0516.05,13.70,73964.00
5350516.06,"Toronto",535,0516.06,11.80,74815.00
5350516.08,"Toronto",535,0516.08,19.20,67414.00
5350516.09,"Toronto",535,0516.09,6.90,79176.00
5350516.10,"Toronto",535,0516.10,9.00,135097.00
5350516.11,"Toronto",535,0516.11,3.30,130454.00
5350516.14,"Toronto",535,0516.14,8.80,89895.00
5350516.16,"Toronto",535,0516.16,11.50,115691.00
5350516.17,"Toronto",535,0516.17,13.20,81884.00
5350516.18,"Toronto",535,0516.18,6.20,93091.00
5350516.19,"Toronto",535,0516.19,6.50,91969.00
5350516.20,"Toronto",535,0516.20,4.90,102804.00
5350516.21,"Toronto",535,0516.21,6.80,116277.00
5350516.22,"Toronto",535,0516.22,5.30,91247.00
5350516.23,"Toronto",535,0516.23,3.80,95767.00
5350516.25,"Toronto",535,0516.25,7.60,100438.00
5350516.26,"Toronto",535,0516.26,10.50,94197.00
5350516.27,"Toronto",535,0516.27,9.50,92571.00
5350516.28,"Toronto",535,0516.28,9.80,102173.00
5350516.29,"Toronto",535,0516.29,13.50,84645.00
5350517.00,"Toronto",535,0517.00,6.00,112261.00
5350518.00,"Toronto",535,0518.00,23.40,58384.00
5350519.00,"Toronto",535,0519.00,18.30,65153.00
5350520.01,"Toronto",535,0520.01,7.80,70611.00
5350520.02,"Toronto",535,0520.02,16.30,72274.00
5350520.04,"Toronto",535,0520.04,22.10,54188.00
5350520.05,"Toronto",535,0520.05,14.40,62566.00
5350520.06,"Toronto",535,0520.06,21.10,61420.00
5350521.01,"Toronto",535,0521.01,21.20,56184.00
5350521.02,"Toronto",535,0521.02,7.30,87586.00
5350521.03,"Toronto",535,0521.03,17.50,65136.00
5350521.04,"Toronto",535,0521.04,12.80,68123.00
5350521.05,"Toronto",535,0521.05,12.60,52285.00
5350521.06,"Toronto",535,0521.06,26.50,47995.00
5350522.00,"Toronto",535,0522.00,9.30,75914.00
5350523.00,"Toronto",535,0523.00,14.90,64192.00
5350524.01,"Toronto",535,0524.01,16.20,69743.00
5350524.02,"Toronto",535,0524.02,11.80,66905.00
5350525.01,"Toronto",535,0525.01,23.80,57706.00
5350525.02,"Toronto",535,0525.02,18.50,55545.00
5350526.01,"Toronto",535,0526.01,19.40,60879.00
5350526.02,"Toronto",535,0526.02,19.60,62060.00
5350527.01,"Toronto",535,0527.01,10.50,77548.00
5350527.02,"Toronto",535,0527.02,12.50,81274.00
5350527.03,"Toronto",535,0527.03,15.30,69982.00
5350527.04,"Toronto",535,0527.04,10.80,86434.00
5350527.05,"Toronto",535,0527.05,12.80,83249.00
5350527.06,"Toronto",535,0527.06,13.00,73470.00
5350527.07,"Toronto",535,0527.07,16.10,64912.00
5350527.08,"Toronto",535,0527.08,6.40,89984.00
5350527.09,"Toronto",535,0527.09,8.90,94334.00
5350528.01,"Toronto",535,0528.01,12.40,102062.00
5350528.02,"Toronto",535,0528.02,14.40,80307.00
5350528.04,"Toronto",535,0528.04,15.20,77460.00
5350528.10,"Toronto",535,0528.10,9.70,88979.00
5350528.11,"Toronto",535,0528.11,14.10,71050.00
5350528.12,"Toronto",535,0528.12,8.50,100171.00
5350528.14,"Toronto",535,0528.14,12.90,77096.00
5350528.15,"Toronto",535,0528.15,11.70,80007.00
5350528.16,"Toronto",535,0528.16,13.20,81878.00
5350528.17,"Toronto",535,0528.17,11.80,82656.00
5350528.18,"Toronto",535,0528.18,9.30,90914.00
5350528.19,"Toronto",535,0528.19,10.10,80467.00
5350528.20,"Toronto",535,0528.20,8.60,94688.00
5350528.21,"Toronto",535,0528.21,19.70,53966.00
5350528.22,"Toronto",535,0528.22,13.90,73637.00
5350528.23,"Toronto",535,0528.23,6.90,102423.00
5350528.24,"Toronto",535,0528.24,6.50,84783.00
5350528.25,"Toronto",535,0528.25,12.70,73226.00
5350528.26,"Toronto",535,0528.26,22.60,56792.00
5350528.27,"Toronto",535,0528.27,7.50,80242.00
5350528.28,"Toronto",535,0528.28,12.40,88798.00
5350528.29,"Toronto",535,0528.29,11.10,82181.00
5350528.30,"Toronto",535,0528.30,5.60,92098.00
5350528.31,"Toronto",535,0528.31,16.50,56880.00
5350529.01,"Toronto",535,0529.01,23.70,54177.00
5350529.02,"Toronto",535,0529.02,24.10,51311.00
5350530.00,"Toronto",535,0530.00,21.50,58891.00
5350531.01,"Toronto",535,0531.01,19.50,59457.00
5350531.02,"Toronto",535,0531.02,11.80,71820.00
5350532.01,"Toronto",535,0532.01,22.70,62360.00
5350532.02,"Toronto",535,0532.02,21.50,61072.00
5350540.01,"Toronto",535,0540.01,18.30,53707.00
5350540.02,"Toronto",535,0540.02,19.70,62847.00
5350550.01,"Toronto",535,0550.01,7.30,84292.00
5350550.02,"Toronto",535,0550.02,7.70,74431.00
5350560.00,"Toronto",535,0560.00,10.60,67267.00
5350561.00,"Toronto",535,0561.00,14.50,66150.00
5350562.01,"Toronto",535,0562.01,20.00,55169.00
5350562.02,"Toronto",535,0562.02,3.00,157988.00
5350562.03,"Toronto",535,0562.03,10.40,81964.00
5350562.04,"Toronto",535,0562.04,6.50,83764.00
5350562.05,"Toronto",535,0562.05,11.30,63158.00
5350562.07,"Toronto",535,0562.07,8.90,81710.00
5350562.08,"Toronto",535,0562.08,6.00,77333.00
5350562.09,"Toronto",535,0562.09,3.00,80692.00
5350562.10,"Toronto",535,0562.10,5.60,95571.00
5350562.11,"Toronto",535,0562.11,5.80,95799.00
5350563.01,"Toronto",535,0563.01,33.70,42867.00
5350563.02,"Toronto",535,0563.02,9.00,80262.00
5350564.01,"Toronto",535,0564.01,4.70,78923.00
5350564.02,"Toronto",535,0564.02,19.40,66435.00
5350570.01,"Toronto",535,0570.01,22.50,51705.00
5350570.02,"Toronto",535,0570.02,7.60,83183.00
5350571.01,"Toronto",535,0571.01,26.20,53155.00
5350571.02,"Toronto",535,0571.02,9.30,74353.00
5350572.01,"Toronto",535,0572.01,16.30,72744.00
5350572.04,"Toronto",535,0572.04,11.60,76151.00
5350572.05,"Toronto",535,0572.05,19.50,55369.00
5350572.06,"Toronto",535,0572.06,8.60,80225.00
5350572.07,"Toronto",535,0572.07,10.30,90089.00
5350572.08,"Toronto",535,0572.08,12.70,83437.00
5350573.02,"Toronto",535,0573.02,8.20,70294.00
5350573.03,"Toronto",535,0573.03,14.10,73495.00
5350573.04,"Toronto",535,0573.04,9.90,78838.00
5350573.05,"Toronto",535,0573.05,5.20,84767.00
5350574.00,"Toronto",535,0574.00,15.00,60790.00
5350575.01,"Toronto",535,0575.01,13.10,67302.00
5350575.02,"Toronto",535,0575.02,19.10,53719.00
5350575.03,"Toronto",535,0575.03,14.00,69888.00
5350575.04,"Toronto",535,0575.04,8.90,70350.00
5350575.05,"Toronto",535,0575.05,9.80,74223.00
5350575.06,"Toronto",535,0575.06,16.10,78274.00
5350576.01,"Toronto",535,0576.01,4.30,82799.00
5350576.04,"Toronto",535,0576.04,2.30,123289.00
5350576.05,"Toronto",535,0576.05,8.80,79886.00
5350576.06,"Toronto",535,0576.06,8.20,97553.00
5350576.07,"Toronto",535,0576.07,6.80,85612.00
5350576.08,"Toronto",535,0576.08,5.80,94449.00
5350576.09,"Toronto",535,0576.09,4.90,99532.00
5350576.10,"Toronto",535,0576.10,7.70,76110.00
5350576.11,"Toronto",535,0576.11,9.40,85636.00
5350576.12,"Toronto",535,0576.12,7.30,85127.00
5350576.13,"Toronto",535,0576.13,4.20,117119.00
5350585.02,"Toronto",535,0585.02,5.60,84893.00
5350585.03,"Toronto",535,0585.03,6.70,77524.00
5350585.05,"Toronto",535,0585.05,4.30,109140.00
5350585.06,"Toronto",535,0585.06,4.20,83077.00
5350585.07,"Toronto",535,0585.07,1.40,118790.00
5350585.08,"Toronto",535,0585.08,3.10,128313.00
5350586.00,"Toronto",535,0586.00,6.50,92841.00
5350587.01,"Toronto",535,0587.01,4.50,109349.00
5350587.02,"Toronto",535,0587.02,3.90,104447.00
5350590.00,"Toronto",535,0590.00,12.20,50953.00
5350591.00,"Toronto",535,0591.00,4.80,70852.00
5350592.01,"Toronto",535,0592.01,7.60,60081.00
5350592.02,"Toronto",535,0592.02,3.10,83257.00
5350593.00,"Toronto",535,0593.00,4.80,99748.00
5350600.01,"Toronto",535,0600.01,3.50,191010.00
5350600.02,"Toronto",535,0600.02,3.80,122731.00
5350601.00,"Toronto",535,0601.00,4.60,161212.00
5350602.00,"Toronto",535,0602.00,5.50,155407.00
5350603.00,"Toronto",535,0603.00,25.70,51976.00
5350604.00,"Toronto",535,0604.00,13.20,106930.00
5350605.00,"Toronto",535,0605.00,4.60,129756.00
5350606.00,"Toronto",535,0606.00,17.50,64716.00
5350607.00,"Toronto",535,0607.00,4.00,79641.00
5350608.00,"Toronto",535,0608.00,14.50,71223.00
5350609.00,"Toronto",535,0609.00,5.90,125439.00
5350610.02,"Toronto",535,0610.02,7.00,114107.00
5350610.03,"Toronto",535,0610.03,11.80,65231.00
5350610.04,"Toronto",535,0610.04,10.00,78398.00
5350611.00,"Toronto",535,0611.00,4.40,96404.00
5350612.01,"Toronto",535,0612.01,0.00,0.00
5350612.02,"Toronto",535,0612.02,5.70,102225.00
5350612.03,"Toronto",535,0612.03,12.50,120833.00
5350612.05,"Toronto",535,0612.05,12.40,123061.00
5350612.07,"Toronto",535,0612.07,5.60,112591.00
5350612.08,"Toronto",535,0612.08,5.20,104078.00
5350612.09,"Toronto",535,0612.09,1.60,135318.00
5350612.10,"Toronto",535,0612.10,0.00,0.00
5350612.12,"Toronto",535,0612.12,4.80,114796.00
5350612.13,"Toronto",535,0612.13,3.20,156676.00
5350612.14,"Toronto",535,0612.14,4.30,114835.00
5350613.01,"Toronto",535,0613.01,8.00,87423.00
5350613.03,"Toronto",535,0613.03,12.30,69340.00
5350613.04,"Toronto",535,0613.04,16.30,70243.00
5350614.01,"Toronto",535,0614.01,5.00,99121.00
5350614.02,"Toronto",535,0614.02,7.10,96365.00
5350615.00,"Toronto",535,0615.00,3.10,82345.00
5350620.00,"Toronto",535,0620.00,1.80,100038.00
5350621.00,"Toronto",535,0621.00,0.80,103991.00
5350622.00,"Toronto",535,0622.00,5.30,75918.00
5350623.00,"Toronto",535,0623.00,7.70,55680.00
5350624.00,"Toronto",535,0624.00,4.80,78568.00
5350625.00,"Toronto",535,0625.00,0.00,71980.00
5350626.00,"Toronto",535,0626.00,3.20,112131.00
5350630.00,"Toronto",535,0630.00,5.40,100951.00
5350631.00,"Toronto",535,0631.00,2.20,113700.00
5350632.00,"Toronto",535,0632.00,3.10,79722.00
5350633.00,"Toronto",535,0633.00,7.20,61859.00
5350634.00,"Toronto",535,0634.00,4.30,81162.00
5350635.00,"Toronto",535,0635.00,7.80,71805.00
5350636.00,"Toronto",535,0636.00,3.10,80309.00
5350637.00,"Toronto",535,0637.00,2.50,104485.00
5350638.00,"Toronto",535,0638.00,5.40,63048.00
5350639.00,"Toronto",535,0639.00,4.80,76615.00
5350800.01,"Toronto",535,0800.01,4.00,62972.00
5350800.02,"Toronto",535,0800.02,7.80,69540.00
5350801.01,"Toronto",535,0801.01,7.70,87296.00
5350801.02,"Toronto",535,0801.02,4.00,111888.00
5350802.01,"Toronto",535,0802.01,5.10,89172.00
5350802.02,"Toronto",535,0802.02,4.70,96888.00
5350803.03,"Toronto",535,0803.03,9.40,99758.00
5350803.04,"Toronto",535,0803.04,7.40,125990.00
5350803.05,"Toronto",535,0803.05,5.20,101797.00
5350803.06,"Toronto",535,0803.06,5.80,106686.00
5350804.01,"Toronto",535,0804.01,3.20,111229.00
5350804.02,"Toronto",535,0804.02,10.50,69003.00
5350804.05,"Toronto",535,0804.05,6.40,100083.00
5350804.06,"Toronto",535,0804.06,6.60,92312.00
5350804.07,"Toronto",535,0804.07,13.90,70103.00
5350804.08,"Toronto",535,0804.08,4.80,109408.00
5350804.09,"Toronto",535,0804.09,7.60,86618.00
5350805.02,"Toronto",535,0805.02,8.30,82347.00
5350805.03,"Toronto",535,0805.03,6.00,80657.00
5350805.04,"Toronto",535,0805.04,2.50,100052.00
5350805.05,"Toronto",535,0805.05,3.30,81876.00
5350805.06,"Toronto",535,0805.06,13.60,78085.00
5350805.07,"Toronto",535,0805.07,6.30,86901.00
5350806.00,"Toronto",535,0806.00,2.60,89744.00
5350807.00,"Toronto",535,0807.00,4.40,94081.00
5350820.03,"Toronto",535,0820.03,2.90,122914.00
5350810.01,"Toronto",535,0810.01,22.90,50851.00
5350810.02,"Toronto",535,0810.02,11.20,65220.00
5350810.03,"Toronto",535,0810.03,6.10,80863.00
5350810.04,"Toronto",535,0810.04,10.50,77015.00
5350810.05,"Toronto",535,0810.05,4.00,94635.00
5350811.00,"Toronto",535,0811.00,15.40,58077.00
5350812.00,"Toronto",535,0812.00,8.80,76177.00
5350820.01,"Toronto",535,0820.01,3.30,98354.00
5350820.02,"Toronto",535,0820.02,7.20,84263.00
5350830.00,"Toronto",535,0830.00,3.90,90441.00
5350831.01,"Toronto",535,0831.01,4.90,81798.00
5350831.02,"Toronto",535,0831.02,5.90,66076.00
5350832.00,"Toronto",535,0832.00,5.40,78863.00



